3shiqsalmanis,3onaksalmaini
3shiqsalmanis,3shiqmos3xad
3shiqsalmanis,mohibsalmanis1
3shiqsalmanis,m3akomsaudis
3shiqsalmanis,mlPK7aCmysg5y1h
3shiqsalmanis,8clAZcNhJJ5u35g
3shiqsalmanis,9F0aFSehHOQ6Veh
3shiqsalmanis,I2gKDHGyx5vllsR
3shiqsalmanis,wXC7Qd5njOA3KpQ
3shiqsalmanis,KyOpDXBJ8ufZQDE
3shiqsalmanis,Df8YsuEq4pFIFVn
3shiqsalmanis,QAMcxsMY6ElVTHw
3shiqsalmanis,vTZ2qOcnCvhj1OO
3onaksalmaini,3shiqmos3xad
3onaksalmaini,mohibsalmanis1
3onaksalmaini,m3akomsaudis
3onaksalmaini,mlPK7aCmysg5y1h
3onaksalmaini,8clAZcNhJJ5u35g
3onaksalmaini,9F0aFSehHOQ6Veh
3onaksalmaini,I2gKDHGyx5vllsR
3onaksalmaini,wXC7Qd5njOA3KpQ
3onaksalmaini,KyOpDXBJ8ufZQDE
3onaksalmaini,Df8YsuEq4pFIFVn
3onaksalmaini,QAMcxsMY6ElVTHw
3onaksalmaini,vTZ2qOcnCvhj1OO
3shiqmos3xad,mohibsalmanis1
3shiqmos3xad,m3akomsaudis
3shiqmos3xad,mlPK7aCmysg5y1h
3shiqmos3xad,8clAZcNhJJ5u35g
3shiqmos3xad,9F0aFSehHOQ6Veh
3shiqmos3xad,I2gKDHGyx5vllsR
3shiqmos3xad,wXC7Qd5njOA3KpQ
3shiqmos3xad,KyOpDXBJ8ufZQDE
3shiqmos3xad,Df8YsuEq4pFIFVn
3shiqmos3xad,QAMcxsMY6ElVTHw
3shiqmos3xad,vTZ2qOcnCvhj1OO
mohibsalmanis1,m3akomsaudis
mohibsalmanis1,mlPK7aCmysg5y1h
mohibsalmanis1,8clAZcNhJJ5u35g
mohibsalmanis1,9F0aFSehHOQ6Veh
mohibsalmanis1,I2gKDHGyx5vllsR
mohibsalmanis1,wXC7Qd5njOA3KpQ
mohibsalmanis1,KyOpDXBJ8ufZQDE
mohibsalmanis1,Df8YsuEq4pFIFVn
mohibsalmanis1,QAMcxsMY6ElVTHw
mohibsalmanis1,vTZ2qOcnCvhj1OO
m3akomsaudis,mlPK7aCmysg5y1h
m3akomsaudis,8clAZcNhJJ5u35g
m3akomsaudis,9F0aFSehHOQ6Veh
m3akomsaudis,I2gKDHGyx5vllsR
m3akomsaudis,wXC7Qd5njOA3KpQ
m3akomsaudis,KyOpDXBJ8ufZQDE
m3akomsaudis,Df8YsuEq4pFIFVn
m3akomsaudis,QAMcxsMY6ElVTHw
m3akomsaudis,vTZ2qOcnCvhj1OO
mlPK7aCmysg5y1h,8clAZcNhJJ5u35g
mlPK7aCmysg5y1h,9F0aFSehHOQ6Veh
mlPK7aCmysg5y1h,I2gKDHGyx5vllsR
mlPK7aCmysg5y1h,wXC7Qd5njOA3KpQ
mlPK7aCmysg5y1h,KyOpDXBJ8ufZQDE
mlPK7aCmysg5y1h,Df8YsuEq4pFIFVn
mlPK7aCmysg5y1h,QAMcxsMY6ElVTHw
mlPK7aCmysg5y1h,vTZ2qOcnCvhj1OO
8clAZcNhJJ5u35g,9F0aFSehHOQ6Veh
8clAZcNhJJ5u35g,I2gKDHGyx5vllsR
8clAZcNhJJ5u35g,wXC7Qd5njOA3KpQ
8clAZcNhJJ5u35g,KyOpDXBJ8ufZQDE
8clAZcNhJJ5u35g,Df8YsuEq4pFIFVn
8clAZcNhJJ5u35g,QAMcxsMY6ElVTHw
8clAZcNhJJ5u35g,vTZ2qOcnCvhj1OO
9F0aFSehHOQ6Veh,I2gKDHGyx5vllsR
9F0aFSehHOQ6Veh,wXC7Qd5njOA3KpQ
9F0aFSehHOQ6Veh,KyOpDXBJ8ufZQDE
9F0aFSehHOQ6Veh,Df8YsuEq4pFIFVn
9F0aFSehHOQ6Veh,QAMcxsMY6ElVTHw
9F0aFSehHOQ6Veh,vTZ2qOcnCvhj1OO
I2gKDHGyx5vllsR,wXC7Qd5njOA3KpQ
I2gKDHGyx5vllsR,KyOpDXBJ8ufZQDE
I2gKDHGyx5vllsR,Df8YsuEq4pFIFVn
I2gKDHGyx5vllsR,QAMcxsMY6ElVTHw
I2gKDHGyx5vllsR,vTZ2qOcnCvhj1OO
wXC7Qd5njOA3KpQ,KyOpDXBJ8ufZQDE
wXC7Qd5njOA3KpQ,Df8YsuEq4pFIFVn
wXC7Qd5njOA3KpQ,QAMcxsMY6ElVTHw
wXC7Qd5njOA3KpQ,vTZ2qOcnCvhj1OO
KyOpDXBJ8ufZQDE,Df8YsuEq4pFIFVn
KyOpDXBJ8ufZQDE,QAMcxsMY6ElVTHw
KyOpDXBJ8ufZQDE,vTZ2qOcnCvhj1OO
Df8YsuEq4pFIFVn,QAMcxsMY6ElVTHw
Df8YsuEq4pFIFVn,vTZ2qOcnCvhj1OO
QAMcxsMY6ElVTHw,vTZ2qOcnCvhj1OO
philipmach,lawrenc46912006
philipmach,SundevilSal
philipmach,MKraidy
philipmach,AndyGER
philipmach,LilPolkSalad
philipmach,Estherever4life
lawrenc46912006,SundevilSal
lawrenc46912006,MKraidy
lawrenc46912006,AndyGER
lawrenc46912006,LilPolkSalad
lawrenc46912006,Estherever4life
dogonvillage,LilPolkSalad
dogonvillage,RiseToAmerica
Rolee_Kachru,LilPolkSalad
LifeIsSweetBaby,MKraidy
SundevilSal,MKraidy
SundevilSal,AndyGER
SundevilSal,LilPolkSalad
SundevilSal,Estherever4life
MKraidy,AndyGER
MKraidy,LilPolkSalad
MKraidy,Estherever4life
AndyGER,LilPolkSalad
AndyGER,Estherever4life
LilPolkSalad,Estherever4life
LilPolkSalad,RiseToAmerica
